,file_name,recall_0.1,recall_0.25,recall_0.5,recall_0.75,recall_0.9,wss_0.95,erf_0.1,atd
0,metrics_sim_van_de_Schoot_2018_logistic_sbertabsmin_max_double.json,0.9459459459459459,1.0,1.0,1.0,1.0,0.8412593571114046,0.8378378378378378,136.45945945945945
1,metrics_sim_van_de_Schoot_2018_logistic_sbertcdf_max_double.json,0.9459459459459459,0.972972972972973,1.0,1.0,1.0,0.8542492294143549,0.8378378378378378,152.48648648648648
2,metrics_sim_van_de_Schoot_2018_logistic_sbertminmax_max_double.json,0.9459459459459459,1.0,1.0,1.0,1.0,0.8707617789520036,0.8378378378378378,126.56756756756756
3,metrics_sim_van_de_Schoot_2018_logistic_sbertsigmoid_max_double.json,0.9459459459459459,0.972972972972973,1.0,1.0,1.0,0.853588727432849,0.8378378378378378,154.94594594594594
4,metrics_sim_van_de_Schoot_2018_logistic_sbert_max_double.json,0.972972972972973,1.0,1.0,1.0,1.0,0.8696609423161603,0.8648648648648649,138.78378378378378
5,metrics_sim_van_de_Schoot_2018_nb_sbertabsmin_max_double.json,0.9459459459459459,0.972972972972973,1.0,1.0,1.0,0.8434610303830912,0.8378378378378378,126.97297297297297
6,metrics_sim_van_de_Schoot_2018_nb_sbertcdf_max_double.json,0.918918918918919,0.972972972972973,1.0,1.0,1.0,0.8238661382650815,0.8108108108108109,152.8108108108108
7,metrics_sim_van_de_Schoot_2018_nb_sbertminmax_max_double.json,0.9459459459459459,0.972972972972973,1.0,1.0,1.0,0.8476442095992954,0.8378378378378378,130.45945945945945
8,metrics_sim_van_de_Schoot_2018_nb_sbertsigmoid_max_double.json,0.9459459459459459,0.972972972972973,1.0,1.0,1.0,0.8405988551298987,0.8378378378378378,143.2972972972973
