,file_name,recall_0.1,recall_0.25,recall_0.5,recall_0.75,recall_0.9,wss_0.95,erf_0.1,atd
0,metrics_sim_van_de_Schoot_2018_logistic_doc2vecaddabsmin_max_double.json,0.9459459459459459,1.0,1.0,1.0,1.0,0.8346543372963452,0.8378378378378378,213.94594594594594
1,metrics_sim_van_de_Schoot_2018_logistic_doc2veccdf_max_double.json,0.918918918918919,0.972972972972973,1.0,1.0,1.0,0.8276089828269485,0.8108108108108109,233.0
2,metrics_sim_van_de_Schoot_2018_logistic_doc2vecminmax_max_double.json,0.8918918918918919,0.972972972972973,1.0,1.0,1.0,0.8121972699251431,0.7837837837837838,234.59459459459458
3,metrics_sim_van_de_Schoot_2018_logistic_doc2vecsigmoid_max_double.json,0.918918918918919,0.972972972972973,1.0,1.0,1.0,0.8317921620431528,0.8108108108108109,202.0
4,metrics_sim_van_de_Schoot_2018_logistic_doc2vec_max_double.json,0.918918918918919,1.0,1.0,1.0,1.0,0.8324526640246588,0.8108108108108109,277.13513513513516
5,metrics_sim_van_de_Schoot_2018_nb_doc2vecaddabsmin_max_double.json,0.8648648648648649,0.972972972972973,1.0,1.0,1.0,0.8040510788199031,0.7567567567567568,249.0810810810811
6,metrics_sim_van_de_Schoot_2018_nb_doc2veccdf_max_double.json,0.9459459459459459,0.972972972972973,1.0,1.0,1.0,0.8432408630559225,0.8378378378378378,193.02702702702703
7,metrics_sim_van_de_Schoot_2018_nb_doc2vecminmax_max_double.json,0.918918918918919,0.972972972972973,1.0,1.0,1.0,0.8183619550858653,0.8108108108108109,234.2972972972973
8,metrics_sim_van_de_Schoot_2018_nb_doc2vecsigmoid_max_double.json,0.8918918918918919,0.972972972972973,1.0,1.0,1.0,0.8313518273888155,0.7837837837837838,190.8108108108108
